time,AAPL_Close,MSFT_Close,AMZN_Close,FB_Close,GOOGL_Close
2018-01-02 00:00:00-05:00,172.26,85.91,1189.0,181.43,1073.44
2018-01-03 00:00:00-05:00,172.18,86.33,1202.74,184.48,1091.42
2018-01-04 00:00:00-05:00,173.02,87.12,1209.64,184.32,1096.0
2018-01-05 00:00:00-05:00,174.96,88.11,1229.07,186.78,1110.29
2018-01-08 00:00:00-05:00,174.34,88.22,1246.95,188.25,1114.0
2018-01-09 00:00:00-05:00,174.33,88.23,1253.12,187.9,1113.61
2018-01-10 00:00:00-05:00,174.245,87.81,1254.29,187.84,1110.67
2018-01-11 00:00:00-05:00,175.27,88.06,1276.77,187.76,1112.05
2018-01-12 00:00:00-05:00,177.0,89.59,1305.2,179.4,1130.65
2018-01-16 00:00:00-05:00,176.2,88.38,1305.16,178.4,1130.65
2018-01-17 00:00:00-05:00,179.1,90.15,1295.0,177.58,1139.24
2018-01-18 00:00:00-05:00,179.27,90.12,1293.22,179.8,1135.98
2018-01-19 00:00:00-05:00,178.45,90.0,1294.58,181.29,1143.54
2018-01-22 00:00:00-05:00,177.01,91.61,1327.45,185.37,1163.92
2018-01-23 00:00:00-05:00,176.96,91.89,1363.05,189.38,1176.63
2018-01-24 00:00:00-05:00,174.22,91.84,1357.51,186.55,1171.29
2018-01-25 00:00:00-05:00,171.1,92.32,1377.31,187.46,1181.75
2018-01-26 00:00:00-05:00,171.45,94.04,1401.19,189.92,1187.21
2018-01-29 00:00:00-05:00,167.96,93.87,1417.68,185.96,1186.14
2018-01-30 00:00:00-05:00,166.96,92.77,1438.19,187.1,1177.49
2018-01-31 00:00:00-05:00,167.47,95.2,1451.39,186.93,1183.72
2018-02-01 00:00:00-05:00,167.7,94.24,1388.71,193.08,1180.02
2018-02-02 00:00:00-05:00,160.41,91.76,1429.87,190.275,1118.0
2018-02-05 00:00:00-05:00,156.49,88.0,1390.0,181.26,1062.88
2018-02-06 00:00:00-05:00,163.06,91.34,1442.84,185.43,1085.1
2018-02-07 00:00:00-05:00,159.52,89.58,1415.15,180.17,1055.29
2018-02-08 00:00:00-05:00,155.16,84.99,1350.51,171.595,1006.26
2018-02-09 00:00:00-05:00,156.22,88.15,1339.34,176.05,1045.85
2018-02-12 00:00:00-05:00,162.75,89.15,1386.97,176.4,1055.33
2018-02-13 00:00:00-05:00,164.3451,89.781,1413.66,173.15,1054.21
2018-02-14 00:00:00-05:00,167.36,90.83,1451.08,179.46,1073.32
2018-02-15 00:00:00-05:00,173.0,92.72,1461.76,179.96,1092.87
2018-02-16 00:00:00-05:00,172.45,91.93,1448.59,177.37,1096.27
2018-02-20 00:00:00-05:00,171.85,92.72,1468.36,176.01,1103.6
2018-02-21 00:00:00-05:00,171.01,91.5,1482.92,177.92,1113.6
2018-02-22 00:00:00-05:00,172.61,91.74,1484.59,178.99,1110.39
2018-02-23 00:00:00-05:00,175.56,94.07,1500.0,183.2911,1128.7
2018-02-26 00:00:00-05:00,178.98,95.43,1521.95,184.92,1144.2
2018-02-27 00:00:00-05:00,178.34,94.21,1512.0,181.46,1117.16
2018-02-28 00:00:00-05:00,178.13,93.77,1512.45,178.31,1104.03
2018-03-01 00:00:00-05:00,174.95,92.84,1492.0,175.93,1070.75
2018-03-02 00:00:00-05:00,176.28,93.04,1500.21,176.61,1083.41
2018-03-05 00:00:00-05:00,176.83,93.64,1523.61,180.41,1094.68
2018-03-06 00:00:00-05:00,176.68,93.32,1537.18,179.77,1100.9
2018-03-07 00:00:00-05:00,175.02,93.86,1544.9,183.72,1115.07
2018-03-08 00:00:00-05:00,176.95,94.43,1551.67,182.34,1129.38
2018-03-09 00:00:00-05:00,179.96,96.54,1578.94,185.21,1160.84
2018-03-12 00:00:00-04:00,181.73,96.76,1598.5,184.76,1166.24
2018-03-13 00:00:00-04:00,179.95,94.42,1588.13,181.88,1140.52
2018-03-14 00:00:00-04:00,178.485,93.85,1591.0,184.24,1148.94
2018-03-15 00:00:00-04:00,178.65,94.18,1582.75,183.86,1150.8
2018-03-16 00:00:00-04:00,177.89,94.49,1571.69,185.03,1134.43
2018-03-19 00:00:00-04:00,175.32,92.96,1545.58,172.57,1100.07
2018-03-20 00:00:00-04:00,175.25,93.14,1586.52,168.14,1096.21
2018-03-21 00:00:00-04:00,171.27,92.48,1582.93,169.4492,1093.56
2018-03-22 00:00:00-04:00,168.75,89.8,1544.92,164.91,1053.2
2018-03-23 00:00:00-04:00,164.96,87.13,1495.55,159.35,1026.73
2018-03-26 00:00:00-04:00,172.76,93.77,1555.87,160.0599,1054.09
2018-03-27 00:00:00-04:00,168.35,89.48,1497.12,152.27,1007.46
2018-03-28 00:00:00-04:00,166.48,89.38,1429.19,153.02,1004.29
2018-03-29 00:00:00-04:00,167.91,91.25,1445.96,159.8,1036.93
2018-04-02 00:00:00-04:00,166.68,88.67,1371.92,155.39,1012.77
2018-04-03 00:00:00-04:00,168.39,89.72,1392.05,156.11,1018.33
2018-04-04 00:00:00-04:00,171.58,92.27,1410.58,155.11,1028.92
2018-04-05 00:00:00-04:00,172.78,92.38,1451.75,159.3499,1032.36
2018-04-06 00:00:00-04:00,168.35,90.22,1405.21,157.19,1009.54
2018-04-09 00:00:00-04:00,170.06,90.78,1405.91,157.87,1020.19
2018-04-10 00:00:00-04:00,173.25,92.89,1436.26,165.07,1036.71
2018-04-11 00:00:00-04:00,172.44,91.87,1427.29,166.34,1025.07
2018-04-12 00:00:00-04:00,174.16,93.6,1448.48,163.85,1037.2
2018-04-13 00:00:00-04:00,174.73,93.08,1431.11,164.5317,1036.07
2018-04-16 00:00:00-04:00,175.82,94.17,1440.63,164.83,1046.26
2018-04-17 00:00:00-04:00,178.24,96.06,1503.63,168.66,1079.17
2018-04-18 00:00:00-04:00,177.84,96.45,1527.85,166.36,1075.27
2018-04-19 00:00:00-04:00,172.8,96.1,1556.73,168.11,1089.47
2018-04-20 00:00:00-04:00,165.72,95.0,1527.5,166.29,1077.32
2018-04-23 00:00:00-04:00,165.25,95.36,1517.85,165.85,1073.44
2018-04-24 00:00:00-04:00,162.94,93.08,1460.61,159.69,1023.69
2018-04-25 00:00:00-04:00,163.7716,92.44,1461.74,159.935,1023.67
2018-04-26 00:00:00-04:00,164.22,94.27,1519.28,174.23,1043.25
2018-04-27 00:00:00-04:00,162.33,95.82,1572.76,173.59,1031.18
2018-04-30 00:00:00-04:00,165.26,93.52,1566.13,172.02,1018.3
2018-05-01 00:00:00-04:00,169.0,94.98,1582.26,173.87,1041.09
2018-05-02 00:00:00-04:00,176.62,93.51,1570.53,176.07,1025.95
2018-05-03 00:00:00-04:00,176.91,94.07,1570.8,174.01,1026.54
2018-05-04 00:00:00-04:00,183.83,95.16,1580.99,176.61,1051.0
2018-05-07 00:00:00-04:00,185.1,96.24,1599.86,177.98,1058.925
2018-05-08 00:00:00-04:00,186.04,95.84,1592.39,178.89,1058.72
2018-05-09 00:00:00-04:00,187.24,96.83,1606.87,182.69,1089.8
2018-05-10 00:00:00-04:00,190.03,97.9,1609.42,185.53,1105.47
2018-05-11 00:00:00-04:00,188.59,97.71,1603.32,187.0,1103.77
2018-05-14 00:00:00-04:00,188.17,98.04,1602.0,186.6,1106.44
2018-05-15 00:00:00-04:00,186.44,97.32,1576.5,184.31,1084.64
2018-05-16 00:00:00-04:00,188.19,97.15,1587.75,183.22,1084.53
2018-05-17 00:00:00-04:00,186.99,96.18,1581.37,183.76,1081.2
2018-05-18 00:00:00-04:00,186.29,96.36,1574.5,182.69,1069.6
2018-05-21 00:00:00-04:00,187.61,97.64,1585.66,184.49,1084.01
2018-05-22 00:00:00-04:00,187.31,97.57,1581.39,183.82,1075.44
2018-05-23 00:00:00-04:00,188.45,98.72,1601.86,186.91,1086.35
2018-05-24 00:00:00-04:00,188.21,98.32,1603.48,185.95,1085.63
2018-05-25 00:00:00-04:00,188.58,98.38,1609.62,184.89,1084.07
2018-05-29 00:00:00-04:00,187.86,98.01,1612.88,185.76,1068.07
2018-05-30 00:00:00-04:00,187.5,98.91,1625.87,187.66,1076.83
2018-05-31 00:00:00-04:00,186.88,98.86,1630.14,191.78,1100.78
2018-06-01 00:00:00-04:00,190.23,100.76,1642.91,193.95,1135.0
2018-06-04 00:00:00-04:00,191.81,101.66,1665.4,193.27,1153.31
2018-06-05 00:00:00-04:00,193.31,102.2,1696.48,192.97,1150.04
2018-06-06 00:00:00-04:00,194.05,102.57,1697.78,191.42,1146.95
2018-06-07 00:00:00-04:00,193.48,100.92,1689.27,188.16,1134.05
2018-06-08 00:00:00-04:00,191.48,101.63,1682.52,189.04,1132.78
2018-06-11 00:00:00-04:00,191.26,101.08,1689.62,191.55,1141.25
2018-06-12 00:00:00-04:00,192.25,101.3,1698.73,192.38,1148.19
2018-06-13 00:00:00-04:00,190.71,100.9,1704.81,192.39,1144.22
2018-06-14 00:00:00-04:00,190.81,101.42,1723.75,196.8,1161.12
2018-06-15 00:00:00-04:00,188.92,100.22,1716.26,195.84,1159.73
2018-06-18 00:00:00-04:00,188.76,100.88,1724.83,198.31,1183.76
2018-06-19 00:00:00-04:00,185.77,100.88,1736.01,197.51,1178.87
2018-06-20 00:00:00-04:00,186.5,101.95,1750.07,202.08,1183.63
2018-06-21 00:00:00-04:00,185.47,101.15,1730.2,201.5,1169.44
2018-06-22 00:00:00-04:00,184.92,100.3,1715.06,201.37,1166.01
2018-06-25 00:00:00-04:00,182.18,98.39,1663.17,196.38,1139.28
2018-06-26 00:00:00-04:00,184.44,99.07,1691.19,199.01,1132.5
2018-06-27 00:00:00-04:00,184.165,97.54,1660.0,195.84,1117.2
2018-06-28 00:00:00-04:00,185.51,98.63,1701.5,196.23,1127.03
2018-06-29 00:00:00-04:00,182.91,98.61,1699.67,194.32,1129.32
2018-07-02 00:00:00-04:00,187.15,100.02,1713.75,197.37,1142.3
2018-07-03 00:00:00-04:00,183.64,99.07,1694.88,192.79,1116.28
2018-07-05 00:00:00-04:00,185.38,99.77,1699.56,198.47,1141.29
2018-07-06 00:00:00-04:00,187.98,101.17,1711.01,203.26,1155.21
2018-07-09 00:00:00-04:00,190.61,101.87,1739.03,204.78,1167.37
2018-07-10 00:00:00-04:00,190.35,102.06,1743.35,203.52,1167.14
2018-07-11 00:00:00-04:00,187.93,102.02,1755.53,202.47,1171.08
2018-07-12 00:00:00-04:00,191.04,104.16,1796.6,206.91,1201.26
2018-07-13 00:00:00-04:00,191.33,105.42,1813.2,207.33,1204.59
2018-07-16 00:00:00-04:00,190.92,104.92,1822.49,207.24,1196.58
2018-07-17 00:00:00-04:00,191.47,105.95,1844.0,210.0,1213.48
2018-07-18 00:00:00-04:00,190.4,105.1,1842.47,209.35,1212.48
2018-07-19 00:00:00-04:00,191.97,104.73,1813.68,208.08,1199.06
2018-07-20 00:00:00-04:00,191.67,106.28,1813.68,209.95,1197.88
2018-07-23 00:00:00-04:00,191.6,107.963,1802.0,210.93,1211.85
2018-07-24 00:00:00-04:00,192.99,107.63,1829.28,214.67,1258.74
2018-07-25 00:00:00-04:00,194.82,110.82,1863.8,217.48,1275.63
2018-07-26 00:00:00-04:00,194.23,109.61,1805.22,176.27,1285.62
2018-07-27 00:00:00-04:00,190.98,107.67,1817.99,174.87,1252.59
2018-07-30 00:00:00-04:00,189.94,105.38,1779.28,171.09,1230.32
2018-07-31 00:00:00-04:00,190.58,106.1,1777.41,172.59,1227.73
2018-08-01 00:00:00-04:00,201.62,106.28,1797.05,171.64,1232.92
2018-08-02 00:00:00-04:00,207.38,107.56,1834.21,176.36,1241.09
2018-08-03 00:00:00-04:00,207.98,108.03,1822.93,177.76,1237.52
2018-08-06 00:00:00-04:00,209.06,108.13,1847.68,185.7,1237.62
2018-08-07 00:00:00-04:00,207.11,108.87,1862.7,183.81,1255.82
2018-08-08 00:00:00-04:00,207.25,109.48,1886.52,185.19,1259.94
2018-08-09 00:00:00-04:00,208.89,109.67,1898.13,183.09,1264.41
2018-08-10 00:00:00-04:00,207.55,109.01,1886.0,180.27,1251.98
2018-08-13 00:00:00-04:00,208.86,108.22,1895.65,180.1,1248.8
2018-08-14 00:00:00-04:00,209.76,109.57,1919.86,181.11,1258.15
2018-08-15 00:00:00-04:00,210.3,107.68,1882.37,179.54,1232.22
2018-08-16 00:00:00-04:00,213.48,107.64,1887.47,174.72,1223.55
2018-08-17 00:00:00-04:00,217.61,107.58,1882.22,173.73,1215.5
2018-08-20 00:00:00-04:00,215.45,106.87,1877.24,172.51,1221.94
2018-08-21 00:00:00-04:00,215.06,105.98,1883.64,172.63,1216.99
2018-08-22 00:00:00-04:00,215.06,107.07,1905.45,173.71,1222.22
2018-08-23 00:00:00-04:00,215.58,107.56,1902.8,172.9,1221.23
2018-08-24 00:00:00-04:00,216.14,108.4,1905.43,174.64,1236.75
2018-08-27 00:00:00-04:00,217.99,109.6,1927.62,177.47,1256.13
2018-08-28 00:00:00-04:00,219.71,110.32,1933.0,176.27,1246.16
2018-08-29 00:00:00-04:00,222.98,112.02,1998.38,175.9,1264.73
2018-08-30 00:00:00-04:00,225.07,111.95,2002.22,177.645,1254.07
2018-08-31 00:00:00-04:00,227.51,112.33,2013.83,175.73,1231.44
2018-09-04 00:00:00-04:00,228.36,111.74,2039.58,171.16,1211.6
2018-09-05 00:00:00-04:00,226.87,108.51,1995.0,167.21,1199.45
2018-09-06 00:00:00-04:00,223.12,108.75,1958.365,162.54,1183.99
2018-09-07 00:00:00-04:00,221.42,108.29,1952.2,163.06,1178.01
2018-09-10 00:00:00-04:00,218.3402,109.44,1941.81,164.24,1176.1
2018-09-11 00:00:00-04:00,223.86,111.26,1987.61,165.96,1189.99
2018-09-12 00:00:00-04:00,221.06,111.67,1990.07,161.99,1171.51
2018-09-13 00:00:00-04:00,226.4,112.91,1990.0,161.4,1182.17
2018-09-14 00:00:00-04:00,223.64,113.35,1970.19,162.31,1177.96
2018-09-17 00:00:00-04:00,217.89,112.18,1908.03,160.6,1159.83
2018-09-18 00:00:00-04:00,218.24,113.22,1941.59,160.3,1167.26
2018-09-19 00:00:00-04:00,218.34,111.7,1926.28,163.08,1174.7
2018-09-20 00:00:00-04:00,220.04,113.58,1944.3,166.03,1191.59
2018-09-21 00:00:00-04:00,217.655,114.81,1915.01,162.92,1172.07
2018-09-24 00:00:00-04:00,220.79,114.67,1934.35,165.41,1179.46
2018-09-25 00:00:00-04:00,222.19,114.46,1974.55,164.9,1193.88
2018-09-26 00:00:00-04:00,220.51,114.13,1974.85,166.95,1193.65
2018-09-27 00:00:00-04:00,225.09,114.44,2012.98,168.84,1207.23
2018-09-28 00:00:00-04:00,225.76,114.49,2002.57,164.44,1207.72
2018-10-01 00:00:00-04:00,227.27,115.59,2004.36,162.44,1208.46
2018-10-02 00:00:00-04:00,229.29,115.14,1970.0,159.33,1209.21
2018-10-03 00:00:00-04:00,232.1,115.16,1952.76,162.48,1212.02
2018-10-04 00:00:00-04:00,227.99,112.85,1910.32,158.8,1177.07
2018-10-05 00:00:00-04:00,224.26,112.12,1889.58,157.32,1167.83
2018-10-08 00:00:00-04:00,223.76,110.86,1864.42,157.23,1155.61
2018-10-09 00:00:00-04:00,226.87,112.26,1870.32,157.9,1145.17
2018-10-10 00:00:00-04:00,216.39,106.26,1755.25,151.41,1092.61
2018-10-11 00:00:00-04:00,214.45,105.92,1719.36,153.35,1090.91
2018-10-12 00:00:00-04:00,222.11,109.54,1788.61,153.74,1120.55
2018-10-15 00:00:00-04:00,217.28,107.54,1760.95,153.52,1101.58
2018-10-16 00:00:00-04:00,222.13,110.89,1820.15,158.77,1133.23
2018-10-17 00:00:00-04:00,221.2,110.72,1831.73,159.5,1127.5
2018-10-18 00:00:00-04:00,216.12,108.51,1770.72,155.01,1098.13
2018-10-19 00:00:00-04:00,219.3,108.55,1764.03,153.94,1104.67
2018-10-22 00:00:00-04:00,220.59,109.63,1789.005,154.81,1112.28
2018-10-23 00:00:00-04:00,222.9,108.11,1768.25,154.4,1115.6
2018-10-24 00:00:00-04:00,215.06,102.38,1659.63,146.03,1056.93
2018-10-25 00:00:00-04:00,219.85,108.3,1782.0,150.95,1103.36
2018-10-26 00:00:00-04:00,216.03,106.96,1638.28,145.37,1083.71
2018-10-29 00:00:00-04:00,212.55,104.09,1538.6078,142.09,1034.87
2018-10-30 00:00:00-04:00,213.33,103.75,1530.42,146.23,1050.11
2018-10-31 00:00:00-04:00,218.75,106.79,1599.19,151.85,1090.55
2018-11-01 00:00:00-04:00,222.05,105.91,1665.86,151.75,1085.89
2018-11-02 00:00:00-04:00,206.14,106.15,1665.58,150.25,1072.69
2018-11-05 00:00:00-05:00,201.59,107.49,1627.45,148.64,1056.22
2018-11-06 00:00:00-05:00,203.78,107.71,1642.86,149.94,1069.78
2018-11-07 00:00:00-05:00,209.91,111.96,1757.36,151.48,1107.85
2018-11-08 00:00:00-05:00,208.49,111.79,1754.95,147.85,1094.71
2018-11-09 00:00:00-05:00,204.47,109.53,1712.03,144.96,1077.02
2018-11-12 00:00:00-05:00,194.2,106.92,1636.79,141.53,1049.23
2018-11-13 00:00:00-05:00,192.23,106.94,1631.445,142.2,1047.67
2018-11-14 00:00:00-05:00,186.76,105.01,1600.1,144.24,1054.57
2018-11-15 00:00:00-05:00,191.5,107.38,1620.0,143.85,1072.16
2018-11-16 00:00:00-05:00,193.58,108.37,1593.59,139.55,1068.28
2018-11-19 00:00:00-05:00,185.85,104.6,1512.7,131.62,1027.429
2018-11-20 00:00:00-05:00,177.01,101.71,1495.46,132.44,1030.44
2018-11-21 00:00:00-05:00,176.82,103.08,1516.4,134.79,1043.3
2018-11-23 00:00:00-05:00,172.25,103.02,1502.08,131.73,1029.87
2018-11-26 00:00:00-05:00,174.58,106.5,1581.33,136.41,1055.64
2018-11-27 00:00:00-05:00,174.245,107.2,1582.0,135.0,1052.45
2018-11-28 00:00:00-05:00,180.96,111.13,1677.46,136.74,1091.78
2018-11-29 00:00:00-05:00,179.55,110.2,1672.94,138.68,1094.58
2018-11-30 00:00:00-05:00,178.6,110.89,1691.55,140.69,1105.0
2018-12-03 00:00:00-05:00,184.93,112.09,1772.9,141.13,1116.78
2018-12-04 00:00:00-05:00,176.67,108.5,1668.64,137.9,1063.05
2018-12-06 00:00:00-05:00,174.77,109.19,1700.0,139.6,1078.76
2018-12-07 00:00:00-05:00,168.38,104.78,1629.11,137.44,1047.09
2018-12-10 00:00:00-05:00,169.61,107.56,1641.2,141.82,1052.71
2018-12-11 00:00:00-05:00,168.67,108.66,1643.4,142.11,1061.39
2018-12-12 00:00:00-05:00,169.04,109.08,1663.13,144.55,1073.12
2018-12-13 00:00:00-05:00,170.82,109.35,1659.74,145.13,1072.6
2018-12-14 00:00:00-05:00,165.4,106.02,1591.92,144.05,1051.1
2018-12-17 00:00:00-05:00,163.97,102.93,1519.75,140.29,1025.89
2018-12-18 00:00:00-05:00,165.87,103.94,1551.11,143.67,1043.32
2018-12-19 00:00:00-05:00,160.76,103.71,1494.83,133.35,1034.66
2018-12-20 00:00:00-05:00,156.84,101.42,1460.83,133.46,1023.75
2018-12-21 00:00:00-05:00,150.85,98.07,1376.73,124.95,990.27
2018-12-24 00:00:00-05:00,146.62,94.04,1342.91,123.51,984.52
2018-12-26 00:00:00-05:00,157.18,100.53,1470.81,134.16,1047.88
2018-12-27 00:00:00-05:00,156.12,101.05,1462.0,134.5,1053.34
2018-12-28 00:00:00-05:00,156.07,100.3487,1475.18,132.9726,1046.34
2018-12-31 00:00:00-05:00,156.7,100.83,1492.38,130.29,1037.745
2019-01-02 00:00:00-05:00,157.5225,101.01,1536.73,135.41,1053.24
2019-01-03 00:00:00-05:00,142.29,97.5,1502.07,131.8902,1026.505
2019-01-04 00:00:00-05:00,148.12,101.775,1574.54,137.94,1076.55
2019-01-07 00:00:00-05:00,147.91,102.15,1631.12,138.23,1076.01
2019-01-08 00:00:00-05:00,150.63,102.73,1655.835,142.5843,1085.51
2019-01-09 00:00:00-05:00,153.37,104.25,1657.59,144.25,1083.22
2019-01-10 00:00:00-05:00,153.55,103.57,1655.5,144.15,1078.45
2019-01-11 00:00:00-05:00,152.0534,102.81,1639.66,143.7205,1062.93
2019-01-14 00:00:00-05:00,149.76,102.12,1619.8767,145.63,1052.845
2019-01-15 00:00:00-05:00,152.95,104.78,1672.75,148.82,1086.06
2019-01-16 00:00:00-05:00,154.91,105.39,1681.9703,147.43,1088.21
2019-01-17 00:00:00-05:00,155.53,106.1,1691.37,148.0684,1098.15
2019-01-18 00:00:00-05:00,156.57,107.6,1693.2421,149.99,1105.4
2019-01-22 00:00:00-05:00,152.93,105.315,1628.398,147.245,1074.54
2019-01-23 00:00:00-05:00,153.6799,106.54,1636.55,144.07,1082.815
2019-01-24 00:00:00-05:00,152.63,106.23,1654.97,145.74,1084.285
2019-01-25 00:00:00-05:00,157.5,106.95,1668.6,149.0944,1099.37
2019-01-28 00:00:00-05:00,156.0878,105.015,1636.185,147.37,1080.0529
2019-01-29 00:00:00-05:00,154.5,102.89,1592.73,144.115,1070.01
2019-01-30 00:00:00-05:00,165.49,106.28,1670.2312,150.3,1098.32
2019-01-31 00:00:00-05:00,166.6249,104.4575,1720.41,166.8,1124.72
2019-02-01 00:00:00-05:00,166.62,102.625,1623.8,165.83,1119.685
2019-02-04 00:00:00-05:00,170.99,105.62,1630.5,168.935,1140.21
2019-02-05 00:00:00-05:00,174.01,107.11,1656.87,170.9434,1151.345
2019-02-06 00:00:00-05:00,174.1699,106.06,1639.42,170.48,1123.24
2019-02-07 00:00:00-05:00,170.64,105.19,1611.6058,165.97,1103.91
2019-02-08 00:00:00-05:00,170.04,105.42,1585.7397,167.2,1101.16
2019-02-11 00:00:00-05:00,169.43,105.255,1591.8,165.59,1102.22
2019-02-12 00:00:00-05:00,170.7384,106.835,1637.89,164.94,1127.395
2019-02-13 00:00:00-05:00,169.98,106.785,1640.3726,164.08,1126.5701
2019-02-14 00:00:00-05:00,170.98,106.96,1623.8774,163.97,1129.32
2019-02-15 00:00:00-05:00,170.25,108.13,1607.5299,162.4101,1119.08
2019-02-19 00:00:00-05:00,170.8499,108.13,1627.4731,162.1166,1125.4344
2019-02-20 00:00:00-05:00,172.09,107.2,1622.62,162.62,1120.99
2019-02-21 00:00:00-05:00,171.14,109.44,1619.9,160.09,1104.5
2019-02-22 00:00:00-05:00,172.97,110.965,1631.19,161.84,1116.69
2019-02-25 00:00:00-05:00,174.26,111.59,1633.0,164.63,1117.03
2019-02-26 00:00:00-05:00,174.35,112.36,1636.33,164.05,1122.0
2019-02-27 00:00:00-05:00,174.88,112.19,1641.09,162.81,1122.89
2019-02-28 00:00:00-05:00,173.2,112.05,1639.79,161.5,1127.04
2019-03-01 00:00:00-05:00,174.97,112.52,1671.26,162.28,1147.92
2019-03-04 00:00:00-05:00,175.86,112.28,1696.16,167.47,1153.69
2019-03-05 00:00:00-05:00,175.51,111.68,1691.81,171.25,1168.98
2019-03-06 00:00:00-05:00,174.51,111.74,1669.16,172.51,1164.95
2019-03-07 00:00:00-05:00,172.47,110.38,1626.28,169.14,1151.56
2019-03-08 00:00:00-05:00,172.92,110.52,1622.11,169.6,1149.71
2019-03-11 00:00:00-04:00,178.98,112.83,1670.32,171.98,1178.98
2019-03-12 00:00:00-04:00,180.94,113.64,1672.42,171.94,1197.79
2019-03-13 00:00:00-04:00,181.72,114.51,1690.8,173.37,1198.85
2019-03-14 00:00:00-04:00,183.73,114.57,1685.29,170.26,1192.749
2019-03-15 00:00:00-04:00,186.21,115.9,1712.91,166.01,1191.08
2019-03-18 00:00:00-04:00,188.03,117.59,1742.0,160.47,1188.24
2019-03-19 00:00:00-04:00,186.54,117.7,1762.7,161.63,1202.99
2019-03-20 00:00:00-04:00,188.17,117.52,1797.73,165.47,1226.52
2019-03-21 00:00:00-04:00,195.05,120.64,1818.4,166.08,1236.43
2019-03-22 00:00:00-04:00,191.06,117.05,1764.06,164.34,1208.17
2019-03-25 00:00:00-04:00,188.77,117.65,1774.07,166.27,1197.13
2019-03-26 00:00:00-04:00,186.79,117.93,1784.47,167.68,1189.84
2019-03-27 00:00:00-04:00,188.47,116.77,1766.0,165.84,1178.02
2019-03-28 00:00:00-04:00,188.71,116.94,1773.67,165.51,1172.28
2019-03-29 00:00:00-04:00,189.94,117.95,1781.09,166.66,1176.42
2019-04-01 00:00:00-04:00,191.24,119.02,1814.36,168.69,1199.12
2019-04-02 00:00:00-04:00,194.04,119.18,1814.0,174.23,1205.16
2019-04-03 00:00:00-04:00,195.35,119.97,1820.41,173.51,1210.48
2019-04-04 00:00:00-04:00,195.72,119.33,1819.51,176.01,1219.46
2019-04-05 00:00:00-04:00,196.97,119.88,1837.65,175.7,1211.78
2019-04-08 00:00:00-04:00,200.08,119.89,1849.679,174.91,1208.22
2019-04-09 00:00:00-04:00,199.5,119.31,1836.52,177.66,1203.08
2019-04-10 00:00:00-04:00,200.66,120.22,1847.33,177.83,1206.45
2019-04-11 00:00:00-04:00,198.95,120.33,1844.5,177.5,1209.57
2019-04-12 00:00:00-04:00,198.88,120.96,1842.96,179.08,1222.99
2019-04-15 00:00:00-04:00,199.23,121.06,1844.85,179.66,1226.61
2019-04-16 00:00:00-04:00,199.25,120.79,1862.92,178.85,1232.13
2019-04-17 00:00:00-04:00,203.12,121.75,1864.82,178.78,1240.26
2019-04-18 00:00:00-04:00,203.86,123.37,1861.4,178.32,1241.47
2019-04-22 00:00:00-04:00,204.64,123.76,1888.04,181.49,1254.26
2019-04-23 00:00:00-04:00,207.51,125.44,1924.17,183.77,1270.26
2019-04-24 00:00:00-04:00,207.18,125.09,1900.88,182.63,1260.06
2019-04-25 00:00:00-04:00,205.24,129.08,1902.16,193.1705,1267.34
2019-04-26 00:00:00-04:00,204.29,129.89,1950.9,191.49,1277.17
2019-04-29 00:00:00-04:00,204.61,129.74,1939.0,194.78,1296.0
2019-04-30 00:00:00-04:00,200.57,130.58,1926.53,193.37,1199.49
2019-05-01 00:00:00-04:00,210.52,127.8768,1911.29,193.04,1173.37
2019-05-02 00:00:00-04:00,209.17,126.2,1901.72,192.51,1166.25
2019-05-03 00:00:00-04:00,211.78,128.89,1961.76,195.47,1189.55
2019-05-06 00:00:00-04:00,208.6,128.16,1950.29,193.88,1193.38
2019-05-07 00:00:00-04:00,202.86,125.57,1922.58,189.88,1179.55
2019-05-08 00:00:00-04:00,202.9,125.44,1916.85,189.54,1169.57
2019-05-09 00:00:00-04:00,200.72,125.51,1900.01,188.64,1167.69
2019-05-10 00:00:00-04:00,197.3,127.19,1889.98,188.46,1167.67
2019-05-13 00:00:00-04:00,185.72,123.31,1822.62,181.45,1136.68
2019-05-14 00:00:00-04:00,188.65,124.72,1840.05,180.73,1124.82
2019-05-15 00:00:00-04:00,190.92,126.05,1871.12,186.27,1170.06
2019-05-16 00:00:00-04:00,190.14,128.95,1907.86,186.98,1184.75
2019-05-17 00:00:00-04:00,188.98,128.07,1867.99,185.24,1168.29
2019-05-20 00:00:00-04:00,183.09,126.2,1858.04,182.69,1144.23
2019-05-21 00:00:00-04:00,186.59,126.9,1858.11,184.79,1154.69
2019-05-22 00:00:00-04:00,182.79,127.66,1859.425,185.29,1155.75
2019-05-23 00:00:00-04:00,179.67,126.18,1815.67,180.87,1144.9
2019-05-24 00:00:00-04:00,179.06,126.23,1823.3,181.07,1139.1
2019-05-28 00:00:00-04:00,178.17,126.05,1836.56,184.31,1138.79
2019-05-29 00:00:00-04:00,177.35,124.94,1820.2,182.19,1120.44
2019-05-30 00:00:00-04:00,178.25,125.73,1815.81,183.01,1121.18
2019-05-31 00:00:00-04:00,175.0,123.59,1775.07,177.4,1106.33
2019-06-03 00:00:00-04:00,173.28,119.88,1692.76,164.01,1039.04
2019-06-04 00:00:00-04:00,179.67,123.2,1730.18,167.52,1054.59
2019-06-05 00:00:00-04:00,182.541,125.83,1739.48,168.15,1045.0
2019-06-06 00:00:00-04:00,185.23,127.9,1754.6292,168.32,1047.77
2019-06-07 00:00:00-04:00,190.14,131.4,1804.02,173.34,1069.0
2019-06-10 00:00:00-04:00,192.52,132.6,1860.63,174.83,1082.65
2019-06-11 00:00:00-04:00,194.81,132.1,1863.7,178.12,1080.71
2019-06-12 00:00:00-04:00,194.19,131.49,1855.3,175.05,1079.28
2019-06-13 00:00:00-04:00,194.74,132.32,1870.748,177.49,1091.24
2019-06-14 00:00:00-04:00,192.745,132.47,1870.17,181.33,1086.3
2019-06-17 00:00:00-04:00,193.95,132.89,1886.0,189.04,1093.71
2019-06-18 00:00:00-04:00,198.5,135.18,1902.15,188.52,1105.25
2019-06-19 00:00:00-04:00,197.86,135.59,1909.03,187.44,1104.86
2019-06-20 00:00:00-04:00,199.3794,136.89,1917.95,189.31,1113.64
2019-06-21 00:00:00-04:00,198.8,136.94,1911.1,191.15,1125.32
2019-06-24 00:00:00-04:00,198.55,137.79,1913.96,192.57,1117.18
2019-06-25 00:00:00-04:00,195.57,133.43,1878.64,188.84,1087.98
2019-06-26 00:00:00-04:00,199.8,133.93,1897.75,187.6,1080.72
2019-06-27 00:00:00-04:00,199.73,134.14,1903.67,189.5,1076.54
2019-06-28 00:00:00-04:00,197.92,133.93,1889.83,192.98,1081.94
2019-07-01 00:00:00-04:00,201.68,135.69,1922.26,193.0,1099.63
2019-07-02 00:00:00-04:00,202.71,136.57,1934.79,195.0,1112.86
2019-07-03 00:00:00-04:00,204.41,137.45,1939.0,197.17,1122.41
2019-07-05 00:00:00-04:00,204.25,137.07,1943.1,196.49,1132.41
2019-07-08 00:00:00-04:00,200.01,136.97,1952.33,195.77,1117.21
2019-07-09 00:00:00-04:00,201.22,136.435,1987.35,199.19,1124.28
2019-07-10 00:00:00-04:00,203.21,137.86,2017.77,202.71,1140.92
2019-07-11 00:00:00-04:00,201.74,138.4,2001.07,201.23,1143.78
2019-07-12 00:00:00-04:00,203.24,138.89,2010.02,204.9,1145.15
2019-07-15 00:00:00-04:00,205.2,138.94,2021.0,203.93,1150.55
2019-07-16 00:00:00-04:00,204.49,137.08,2010.0,203.84,1153.46
2019-07-17 00:00:00-04:00,203.28,136.22,1992.16,201.82,1146.62
2019-07-18 00:00:00-04:00,205.66,136.28,1978.67,200.77,1147.17
2019-07-19 00:00:00-04:00,202.57,136.62,1965.0,198.37,1131.69
2019-07-22 00:00:00-04:00,207.22,138.43,1985.92,202.3,1139.27
2019-07-23 00:00:00-04:00,208.825,139.29,1994.47,202.39,1148.27
2019-07-24 00:00:00-04:00,208.67,140.72,2001.04,204.65,1140.32
2019-07-25 00:00:00-04:00,207.05,140.19,1975.02,200.69,1137.79
2019-07-26 00:00:00-04:00,207.75,141.34,1943.05,199.58,1236.0
2019-07-29 00:00:00-04:00,209.67,141.04,1912.87,195.92,1241.4
2019-07-30 00:00:00-04:00,208.884,140.37,1899.22,197.06,1227.482
2019-07-31 00:00:00-04:00,212.78,136.21,1866.39,194.24,1218.11
2019-08-01 00:00:00-04:00,208.4595,138.06,1855.33,192.72,1211.78
2019-08-02 00:00:00-04:00,204.09,136.9,1823.52,189.01,1196.35
2019-08-05 00:00:00-04:00,193.22,132.2,1765.13,181.7,1154.44
2019-08-06 00:00:00-04:00,196.98,134.66,1787.44,184.5329,1170.89
2019-08-07 00:00:00-04:00,199.14,135.28,1793.39,185.12,1175.91
2019-08-08 00:00:00-04:00,203.45,138.91,1834.26,190.18,1206.28
2019-08-09 00:00:00-04:00,200.93,137.69,1807.88,187.88,1189.17
2019-08-12 00:00:00-04:00,200.5,135.81,1784.75,185.35,1174.39
2019-08-13 00:00:00-04:00,208.98,138.6,1824.29,188.5,1197.54
2019-08-14 00:00:00-04:00,202.75,133.98,1762.96,179.708,1164.02
2019-08-15 00:00:00-04:00,201.74,133.691,1775.41,182.61,1169.32
2019-08-16 00:00:00-04:00,206.44,136.13,1791.8,183.63,1179.1
2019-08-19 00:00:00-04:00,210.34,138.41,1816.83,186.21,1200.44
2019-08-20 00:00:00-04:00,210.35,137.24,1801.35,183.77,1183.55
2019-08-21 00:00:00-04:00,212.65,138.78,1823.38,183.545,1191.77
2019-08-22 00:00:00-04:00,212.45,137.77,1804.25,182.04,1191.62
2019-08-23 00:00:00-04:00,202.63,133.4,1750.77,177.76,1153.59
2019-08-26 00:00:00-04:00,206.6,135.54,1770.0,180.48,1171.85
2019-08-27 00:00:00-04:00,204.14,135.75,1761.92,181.29,1170.82
2019-08-28 00:00:00-04:00,205.52,135.55,1764.0,181.77,1173.18
2019-08-29 00:00:00-04:00,209.1,138.16,1786.46,185.56,1194.43
2019-08-30 00:00:00-04:00,208.74,137.92,1776.19,185.68,1190.32
2019-09-03 00:00:00-04:00,205.695,136.12,1789.51,182.38,1169.55
2019-09-04 00:00:00-04:00,209.25,137.69,1800.46,187.16,1182.86
2019-09-05 00:00:00-04:00,213.27,140.05,1840.73,190.89,1212.24
2019-09-06 00:00:00-04:00,213.27,139.13,1833.51,187.54,1205.89
2019-09-09 00:00:00-04:00,214.15,137.58,1831.29,188.77,1205.39
2019-09-10 00:00:00-04:00,216.77,136.15,1821.31,186.32,1207.62
2019-09-11 00:00:00-04:00,223.587,136.15,1822.49,188.56,1219.96
2019-09-12 00:00:00-04:00,223.09,137.5414,1843.0,187.48,1234.96
2019-09-13 00:00:00-04:00,218.8,137.21,1839.34,187.12,1239.9
2019-09-16 00:00:00-04:00,219.9,136.4,1808.23,186.24,1231.22
2019-09-17 00:00:00-04:00,220.65,137.39,1822.62,188.12,1229.87
2019-09-18 00:00:00-04:00,222.77,138.53,1817.59,188.13,1233.26
2019-09-19 00:00:00-04:00,220.95,141.08,1821.54,190.15,1238.76
2019-09-20 00:00:00-04:00,217.69,139.28,1794.89,189.9,1229.53
2019-09-23 00:00:00-04:00,218.68,139.09,1784.29,186.85,1234.49
2019-09-24 00:00:00-04:00,217.68,137.38,1742.34,181.2906,1218.12
2019-09-25 00:00:00-04:00,220.99,139.36,1768.08,182.78,1246.61
2019-09-26 00:00:00-04:00,219.89,139.57,1740.12,180.16,1241.42
2019-09-27 00:00:00-04:00,218.85,137.75,1725.85,177.07,1226.15
2019-09-30 00:00:00-04:00,223.98,139.03,1736.12,178.07,1221.15
2019-10-01 00:00:00-04:00,224.58,137.06,1736.11,175.79,1206.0
2019-10-02 00:00:00-04:00,218.96,134.63,1713.23,174.6,1177.41
2019-10-03 00:00:00-04:00,220.81,136.3,1724.25,179.42,1188.84
2019-10-04 00:00:00-04:00,227.01,138.11,1739.4,180.4,1210.23
2019-10-07 00:00:00-04:00,227.06,137.1,1732.5,179.68,1207.99
2019-10-08 00:00:00-04:00,224.39,135.66,1705.25,177.73,1189.78
2019-10-09 00:00:00-04:00,227.0,138.21,1721.79,179.83,1202.39
2019-10-10 00:00:00-04:00,230.09,139.1,1720.56,180.19,1209.59
2019-10-11 00:00:00-04:00,236.22,139.61,1729.98,184.11,1214.27
2019-10-14 00:00:00-04:00,235.89,139.54,1736.5,183.29,1217.08
2019-10-15 00:00:00-04:00,235.32,141.57,1767.35,188.83,1242.24
2019-10-16 00:00:00-04:00,234.39,140.48,1777.42,189.61,1242.97
2019-10-17 00:00:00-04:00,235.29,139.67,1787.47,190.4,1253.48
2019-10-18 00:00:00-04:00,236.28,137.34,1757.79,185.86,1244.08
2019-10-21 00:00:00-04:00,240.53,138.43,1785.835,189.75,1244.41
2019-10-22 00:00:00-04:00,239.97,136.39,1765.34,182.31,1241.18
2019-10-23 00:00:00-04:00,243.14,137.25,1761.99,186.17,1257.75
2019-10-24 00:00:00-04:00,243.6,139.95,1781.5935,186.38,1259.09
2019-10-25 00:00:00-04:00,246.58,140.73,1762.0,187.87,1264.28
2019-10-28 00:00:00-04:00,249.04,144.2,1777.04,189.46,1289.465
2019-10-29 00:00:00-04:00,243.29,142.81,1763.04,189.32,1260.67
2019-10-30 00:00:00-04:00,243.29,144.56,1780.0,188.18,1260.62
2019-10-31 00:00:00-04:00,248.84,143.39,1777.1431,191.68,1258.79
2019-11-01 00:00:00-04:00,255.84,143.72,1791.47,193.69,1272.98
2019-11-04 00:00:00-05:00,257.48,144.52,1805.27,194.72,1289.61
2019-11-05 00:00:00-05:00,257.15,144.46,1801.7,194.33,1291.45
2019-11-06 00:00:00-05:00,257.24,144.06,1795.94,191.54,1290.75
2019-11-07 00:00:00-05:00,259.5,144.28,1788.2,190.42,1306.94
2019-11-08 00:00:00-05:00,260.14,145.96,1785.88,190.88,1308.97
2019-11-11 00:00:00-05:00,262.2,146.12,1771.9,189.6,1298.24
2019-11-12 00:00:00-05:00,261.98,147.08,1778.23,194.54,1297.65
2019-11-13 00:00:00-05:00,264.47,147.34,1753.4,193.21,1295.82
2019-11-14 00:00:00-05:00,262.69,148.06,1754.65,193.12,1309.46
2019-11-15 00:00:00-05:00,265.75,149.95,1739.08,195.0895,1333.21
2019-11-18 00:00:00-05:00,267.12,150.34,1752.86,197.46,1319.57
2019-11-19 00:00:00-05:00,266.29,150.39,1753.16,199.33,1312.37
2019-11-20 00:00:00-05:00,263.22,149.62,1746.6335,197.5,1301.94
2019-11-21 00:00:00-05:00,262.01,149.49,1735.0,197.93,1299.69
2019-11-22 00:00:00-05:00,261.84,149.63,1745.85,198.88,1294.16
2019-11-25 00:00:00-05:00,266.42,151.2247,1773.69,199.75,1305.65
2019-11-26 00:00:00-05:00,264.1,152.0,1796.99,198.8,1313.01
2019-11-27 00:00:00-05:00,267.8999,152.34,1818.23,202.0,1312.46
2019-11-29 00:00:00-05:00,267.18,151.38,1800.96,201.66,1304.2
2019-12-02 00:00:00-05:00,264.09,149.55,1781.61,199.69,1288.86
2019-12-03 00:00:00-05:00,259.52,149.32,1770.33,198.83,1293.86
2019-12-04 00:00:00-05:00,261.74,149.83,1760.48,198.7,1318.3
2019-12-05 00:00:00-05:00,265.58,149.92,1740.48,199.37,1327.56
2019-12-06 00:00:00-05:00,270.7,151.75,1751.59,201.04,1339.41
2019-12-09 00:00:00-05:00,266.92,151.36,1749.42,201.33,1342.93
2019-12-10 00:00:00-05:00,268.62,151.17,1739.49,200.9,1343.14
2019-12-11 00:00:00-05:00,270.74,151.69,1748.9,202.21,1344.12
2019-12-12 00:00:00-05:00,271.46,153.23,1760.18,196.67,1348.05
2019-12-13 00:00:00-05:00,275.26,154.54,1760.93,194.21,1346.87
2019-12-16 00:00:00-05:00,279.86,155.54,1769.21,197.92,1360.69
2019-12-17 00:00:00-05:00,280.42,154.79,1790.66,198.38,1354.95
2019-12-18 00:00:00-05:00,279.71,154.37,1782.36,202.36,1351.46
2019-12-19 00:00:00-05:00,280.03,155.71,1792.29,206.06,1356.52
2019-12-20 00:00:00-05:00,279.28,157.39,1786.57,206.29,1351.21
2019-12-23 00:00:00-05:00,283.97,157.41,1793.0,206.18,1350.27
2019-12-24 00:00:00-05:00,284.2762,157.39,1789.63,205.15,1344.74
2019-12-26 00:00:00-05:00,289.91,158.67,1869.02,207.79,1362.16
2019-12-27 00:00:00-05:00,289.83,158.95,1869.26,208.1,1354.64
2019-12-30 00:00:00-05:00,291.647,157.68,1847.18,204.41,1340.47
2019-12-31 00:00:00-05:00,293.37,157.49,1847.64,205.09,1338.12
2020-01-02 00:00:00-05:00,300.58,160.73,1897.71,209.78,1368.68
2020-01-03 00:00:00-05:00,297.38,158.59,1874.93,208.51,1360.4
2020-01-06 00:00:00-05:00,299.78,159.02,1903.33,212.5855,1397.43
2020-01-07 00:00:00-05:00,298.27,157.6,1906.86,213.05,1395.55
2020-01-08 00:00:00-05:00,303.15,160.14,1892.09,215.3,1405.48
2020-01-09 00:00:00-05:00,309.71,162.09,1901.0,218.31,1420.15
2020-01-10 00:00:00-05:00,310.37,161.32,1882.98,218.07,1429.37
2020-01-13 00:00:00-05:00,316.97,163.28,1891.41,221.96,1440.71
2020-01-14 00:00:00-05:00,312.69,162.15,1869.2,219.06,1430.36
2020-01-15 00:00:00-05:00,311.5,163.29,1862.01,221.21,1439.21
2020-01-16 00:00:00-05:00,315.33,166.21,1877.95,221.86,1450.7
2020-01-17 00:00:00-05:00,318.67,167.05,1864.71,222.13,1479.75
2020-01-21 00:00:00-05:00,316.55,166.49,1892.55,221.47,1482.75
2020-01-22 00:00:00-05:00,317.7,165.69,1887.46,221.29,1483.56
2020-01-23 00:00:00-05:00,319.2899,166.72,1884.58,219.67,1484.02
2020-01-24 00:00:00-05:00,318.33,165.04,1861.64,217.929,1466.05
2020-01-27 00:00:00-05:00,308.96,162.26,1828.89,214.87,1431.43
2020-01-28 00:00:00-05:00,317.76,165.46,1853.33,217.79,1449.61
2020-01-29 00:00:00-05:00,324.32,168.18,1858.0,223.31,1456.47
2020-01-30 00:00:00-05:00,323.8762,172.74,1870.8896,209.58,1454.3
2020-01-31 00:00:00-05:00,309.33,170.17,2007.75,201.89,1432.68
2020-02-03 00:00:00-05:00,308.71,174.39,2003.25,204.19,1482.6
2020-02-04 00:00:00-05:00,318.86,180.13,2049.78,209.87,1446.37
2020-02-05 00:00:00-05:00,321.58,179.94,2039.62,210.23,1446.83
2020-02-06 00:00:00-05:00,325.21,183.64,2050.37,210.87,1476.195
2020-02-07 00:00:00-05:00,320.04,183.95,2079.21,212.34,1479.22
2020-02-10 00:00:00-05:00,321.54,188.74,2134.55,213.1,1508.87
2020-02-11 00:00:00-05:00,319.61,184.44,2152.27,207.15,1510.15
2020-02-12 00:00:00-05:00,327.2,184.72,2161.34,210.755,1519.43
2020-02-13 00:00:00-05:00,324.91,183.76,2151.12,213.12,1513.54
2020-02-14 00:00:00-05:00,324.94,185.35,2135.48,214.18,1519.6
2020-02-18 00:00:00-05:00,319.0,187.22,2155.67,217.76,1519.44
2020-02-19 00:00:00-05:00,323.62,187.28,2170.21,217.5,1524.88
2020-02-20 00:00:00-05:00,320.3,184.33,2153.59,214.58,1516.97
2020-02-21 00:00:00-05:00,313.03,178.56,2095.97,210.16,1483.47
2020-02-24 00:00:00-05:00,298.17,170.88,2008.74,200.73,1419.37
2020-02-25 00:00:00-05:00,288.08,168.05,1970.65,196.64,1386.22
2020-02-26 00:00:00-05:00,292.69,170.16,1979.61,197.18,1390.63
2020-02-27 00:00:00-05:00,273.04,158.0,1882.88,189.69,1314.72
2020-02-28 00:00:00-05:00,274.64,162.11,1889.18,192.74,1341.16
2020-03-02 00:00:00-05:00,298.82,172.85,1954.0,196.54,1386.6401
2020-03-03 00:00:00-05:00,289.31,164.38,1908.88,185.89,1337.72
2020-03-04 00:00:00-05:00,302.76,170.54,1976.46,191.79,1380.92
2020-03-05 00:00:00-05:00,292.92,166.24,1924.03,185.02,1315.33
2020-03-06 00:00:00-05:00,288.98,161.57,1901.14,181.11,1295.69
2020-03-09 00:00:00-04:00,266.09,150.62,1800.01,168.6,1210.68
2020-03-10 00:00:00-04:00,285.69,161.03,1894.0,178.19,1275.85
2020-03-11 00:00:00-04:00,275.3,153.56,1819.63,170.22,1210.65
2020-03-12 00:00:00-04:00,248.0,138.76,1676.21,154.46,1110.76
2020-03-13 00:00:00-04:00,278.06,158.85,1786.31,170.62,1214.3699
2020-03-16 00:00:00-04:00,241.47,135.4144,1688.0,145.96,1073.01
2020-03-17 00:00:00-04:00,252.85,146.57,1807.38,149.42,1118.065
2020-03-18 00:00:00-04:00,249.0,142.13,1832.39,147.05,1096.1
2020-03-19 00:00:00-04:00,244.78,142.67,1880.5,153.03,1112.84
2020-03-20 00:00:00-04:00,228.74,136.77,1846.09,149.73,1067.83
2020-03-23 00:00:00-04:00,223.43,135.56,1902.54,147.8,1054.13
2020-03-24 00:00:00-04:00,246.88,148.34,1940.0,161.22,1131.0
2020-03-25 00:00:00-04:00,245.465,146.85,1885.78,156.16,1101.13
2020-03-26 00:00:00-04:00,258.48,156.11,1955.225,163.35,1162.92
2020-03-27 00:00:00-04:00,247.62,149.61,1899.92,156.77,1110.26
2020-03-30 00:00:00-04:00,254.79,160.3,1964.78,165.85,1146.31
2020-03-31 00:00:00-04:00,254.3,157.64,1949.79,166.79,1161.95
2020-04-01 00:00:00-04:00,240.76,151.94,1906.58,159.6,1101.9
2020-04-02 00:00:00-04:00,244.93,155.26,1918.83,158.2,1116.84
2020-04-03 00:00:00-04:00,241.43,153.8201,1906.6,154.19,1092.69
2020-04-06 00:00:00-04:00,262.285,165.27,1998.49,165.55,1183.4
2020-04-07 00:00:00-04:00,259.385,163.49,2011.6,168.83,1182.48
2020-04-08 00:00:00-04:00,266.04,165.11,2042.9,174.28,1207.0
2020-04-09 00:00:00-04:00,267.96,165.19,2042.82,175.2,1206.755
2020-04-13 00:00:00-04:00,273.23,165.51,2168.01,174.79,1211.21
2020-04-14 00:00:00-04:00,287.07,173.7,2283.31,178.14,1265.24
2020-04-15 00:00:00-04:00,284.45,171.94,2309.27,176.91,1257.29
2020-04-16 00:00:00-04:00,286.72,177.07,2408.19,176.28,1257.44
2020-04-17 00:00:00-04:00,282.74,178.6,2372.87,179.25,1279.04
2020-04-20 00:00:00-04:00,276.85,174.99,2393.08,178.26,1261.22
2020-04-21 00:00:00-04:00,268.36,167.67,2329.36,170.67,1210.08
2020-04-22 00:00:00-04:00,276.67,173.575,2370.0,182.96,1261.06
2020-04-23 00:00:00-04:00,274.87,171.43,2399.44,185.15,1271.62
2020-04-24 00:00:00-04:00,282.95,174.54,2410.0,190.1,1276.61
2020-04-27 00:00:00-04:00,283.25,174.03,2376.82,187.54,1270.86
2020-04-28 00:00:00-04:00,278.57,169.79,2314.08,182.86,1232.31
2020-04-29 00:00:00-04:00,287.83,177.3,2371.88,193.99,1341.221
2020-04-30 00:00:00-04:00,293.99,179.22,2471.5,204.71,1346.86
2020-05-01 00:00:00-04:00,289.07,174.5,2285.94,202.28,1317.3
2020-05-04 00:00:00-04:00,293.17,178.84,2315.99,205.24,1322.51
2020-05-05 00:00:00-04:00,297.78,180.76,2317.64,207.08,1349.65
2020-05-06 00:00:00-04:00,300.5,182.49,2350.97,208.46,1345.17
2020-05-07 00:00:00-04:00,303.75,183.6078,2367.61,211.3,1369.84
2020-05-08 00:00:00-04:00,310.1484,184.68,2379.5,212.35,1384.38
2020-05-11 00:00:00-04:00,315.005,186.65,2406.9375,213.18,1402.76
2020-05-12 00:00:00-04:00,311.51,182.38,2357.505,210.02,1375.25
2020-05-13 00:00:00-04:00,307.68,179.78,2366.17,205.14,1348.4
2020-05-14 00:00:00-04:00,309.7,180.61,2391.37,206.85,1357.08
2020-05-15 00:00:00-04:00,307.74,183.39,2410.41,211.04,1373.89
2020-05-18 00:00:00-04:00,314.89,184.9,2426.38,213.21,1385.18
2020-05-19 00:00:00-04:00,313.01,183.5,2448.59,216.88,1374.3
2020-05-20 00:00:00-04:00,319.16,185.66,2497.35,229.95,1409.18
2020-05-21 00:00:00-04:00,317.04,183.49,2448.01,231.37,1407.92
2020-05-22 00:00:00-04:00,318.89,183.51,2436.89,234.92,1413.23
2020-05-26 00:00:00-04:00,316.84,181.56,2423.7,232.16,1421.38
2020-05-27 00:00:00-04:00,318.08,181.81,2409.51,229.15,1420.28
2020-05-28 00:00:00-04:00,318.15,181.27,2401.05,225.33,1417.46
2020-05-29 00:00:00-04:00,318.76,183.96,2436.53,224.21,1432.4
2020-06-01 00:00:00-04:00,321.76,182.86,2470.12,231.94,1434.35
2020-06-02 00:00:00-04:00,323.42,185.0,2473.3,232.83,1443.0
2020-06-03 00:00:00-04:00,325.09,185.36,2478.4,230.06,1439.25
2020-06-04 00:00:00-04:00,322.25,182.95,2460.6,226.29,1414.82
2020-06-05 00:00:00-04:00,331.54,187.5,2481.415,230.78,1440.75
2020-06-08 00:00:00-04:00,333.4402,188.47,2522.8,231.42,1448.47
2020-06-09 00:00:00-04:00,344.32,190.07,2603.39,238.69,1452.07
2020-06-10 00:00:00-04:00,352.78,196.82,2648.16,236.68,1464.98
2020-06-11 00:00:00-04:00,336.08,186.47,2558.47,224.45,1401.02
2020-06-12 00:00:00-04:00,337.655,188.14,2566.705,227.3401,1407.49
2020-06-15 00:00:00-04:00,342.99,189.09,2572.62,232.47,1420.75
2020-06-16 00:00:00-04:00,352.26,193.67,2615.13,235.81,1446.64
2020-06-17 00:00:00-04:00,351.2438,194.2,2641.72,235.53,1452.7
2020-06-18 00:00:00-04:00,351.59,196.32,2655.0,235.975,1433.621
2020-06-19 00:00:00-04:00,349.55,195.03,2671.86,238.65,1426.98
2020-06-22 00:00:00-04:00,358.93,200.58,2712.0,239.3,1450.44
2020-06-23 00:00:00-04:00,366.37,201.889,2764.42,242.14,1464.18
2020-06-24 00:00:00-04:00,360.06,197.84,2733.49,234.08,1432.17
2020-06-25 00:00:00-04:00,364.88,200.36,2756.16,235.47,1441.15
2020-06-26 00:00:00-04:00,353.69,196.33,2692.87,215.86,1362.14
2020-06-29 00:00:00-04:00,362.0,198.5,2681.52,220.71,1398.0
2020-06-30 00:00:00-04:00,364.6,203.5,2756.09,227.05,1417.92
2020-07-01 00:00:00-04:00,364.01,204.66,2879.2,237.53,1442.6
2020-07-02 00:00:00-04:00,364.12,206.21,2887.56,233.46,1469.8
2020-07-06 00:00:00-04:00,373.81,210.69,3057.16,240.3,1499.66
2020-07-07 00:00:00-04:00,372.64,208.24,3000.12,240.86,1489.92
2020-07-08 00:00:00-04:00,381.44,212.84,3081.88,243.57,1503.155
2020-07-09 00:00:00-04:00,382.6599,214.4,3183.81,244.46,1518.38
2020-07-10 00:00:00-04:00,383.52,213.65,3203.36,245.06,1538.81
2020-07-13 00:00:00-04:00,381.91,207.1,3101.55,239.02,1513.17
2020-07-14 00:00:00-04:00,388.21,208.39,3084.02,239.73,1522.12
2020-07-15 00:00:00-04:00,390.91,208.05,3008.87,240.29,1516.88
2020-07-16 00:00:00-04:00,386.23,203.92,2997.82,240.95,1515.16
2020-07-17 00:00:00-04:00,385.15,202.87,2961.47,241.98,1515.6
2020-07-20 00:00:00-04:00,393.43,211.49,3195.01,245.42,1563.41
2020-07-21 00:00:00-04:00,388.0,208.75,3141.43,241.76,1555.99
2020-07-22 00:00:00-04:00,389.09,211.7533,3100.23,239.8027,1565.5
2020-07-23 00:00:00-04:00,371.56,202.6,2987.725,232.61,1518.0
2020-07-24 00:00:00-04:00,370.42,201.3,3008.92,230.82,1508.81
2020-07-27 00:00:00-04:00,379.215,203.85,3053.89,233.5,1529.46
2020-07-28 00:00:00-04:00,373.04,201.74,2999.62,230.1,1504.6
2020-07-29 00:00:00-04:00,380.27,204.06,3034.27,233.27,1523.28
2020-07-30 00:00:00-04:00,384.88,203.89,3052.65,234.6,1537.91
2020-07-31 00:00:00-04:00,425.19,205.1,3164.68,253.71,1488.79
2020-08-03 00:00:00-04:00,435.66,216.54,3111.42,251.84,1482.9
2020-08-04 00:00:00-04:00,438.81,213.35,3138.82,249.83,1472.58
2020-08-05 00:00:00-04:00,440.339,212.95,3205.83,249.13,1479.67
2020-08-06 00:00:00-04:00,455.88,216.35,3224.35,265.28,1504.94
2020-08-07 00:00:00-04:00,444.41,212.44,3165.75,268.5,1497.85
2020-08-10 00:00:00-04:00,450.94,208.33,3149.87,263.0,1496.82
2020-08-11 00:00:00-04:00,437.51,203.33,3080.67,256.11,1480.86
2020-08-12 00:00:00-04:00,452.24,209.29,3161.0,259.82,1506.24
2020-08-13 00:00:00-04:00,460.03,208.72,3161.02,,1517.05
2020-08-14 00:00:00-04:00,459.78,208.89,3148.0,261.24,1504.63
2020-08-17 00:00:00-04:00,458.39,210.2492,3181.16,261.23,1515.14
2020-08-18 00:00:00-04:00,462.08,211.48,3312.49,262.33,1555.79
2020-08-19 00:00:00-04:00,462.825,209.7,3260.15,262.72,1545.03
2020-08-20 00:00:00-04:00,472.83,214.55,3296.05,269.01,1575.73
2020-08-21 00:00:00-04:00,497.4,213.02,3284.59,267.01,1576.19
2020-08-24 00:00:00-04:00,503.79,213.71,3307.45,271.43,1585.15
2020-08-25 00:00:00-04:00,499.31,216.4564,3346.05,280.82,1605.85
2020-08-26 00:00:00-04:00,506.19,221.15,3442.06,303.91,1644.28
2020-08-27 00:00:00-04:00,500.04,226.57,3400.7,293.17,1628.53
2020-08-28 00:00:00-04:00,498.83,228.94,3401.8,293.67,1640.12
2020-08-31 00:00:00-04:00,128.85,225.06,3441.91,293.0901,1627.0
2020-09-01 00:00:00-04:00,134.2,227.32,3500.47,295.5,1656.48
2020-09-02 00:00:00-04:00,131.22,231.46,3529.34,302.5,1719.15
2020-09-03 00:00:00-04:00,120.92,217.3,3369.17,291.12,1630.18
2020-09-04 00:00:00-04:00,120.9,214.14,3294.62,282.625,1581.21
2020-09-08 00:00:00-04:00,112.83,202.65,3149.84,270.93,1523.9
2020-09-09 00:00:00-04:00,117.18,211.18,3268.27,273.7,1545.47
2020-09-10 00:00:00-04:00,113.48,205.38,3176.12,268.0259,1525.77
2020-09-11 00:00:00-04:00,112.01,204.04,3117.28,266.6,1514.97
2020-09-14 00:00:00-04:00,115.3599,205.3,3102.97,266.14,1510.26
2020-09-15 00:00:00-04:00,115.55,208.85,3153.28,272.46,1535.18
2020-09-16 00:00:00-04:00,112.13,204.94,3077.14,263.6,1512.09
2020-09-17 00:00:00-04:00,110.32,202.96,3010.56,254.87,1487.78
2020-09-18 00:00:00-04:00,106.6,200.45,2952.64,252.29,1451.09
2020-09-21 00:00:00-04:00,110.13,202.64,2962.0,248.04,1430.88
2020-09-22 00:00:00-04:00,111.8,207.38,3129.0,254.73,1459.83
2020-09-23 00:00:00-04:00,107.23,200.59,2997.44,249.02,1410.0
2020-09-24 00:00:00-04:00,108.2015,203.18,3018.58,249.52,1422.88
2020-09-25 00:00:00-04:00,112.28,207.77,3094.65,254.82,1439.05
2020-09-28 00:00:00-04:00,115.0,209.61,3175.04,256.91,1459.7
2020-09-29 00:00:00-04:00,114.11,207.16,3142.92,261.79,1466.02
2020-09-30 00:00:00-04:00,115.61,210.32,3147.425,261.8,1465.6
2020-10-01 00:00:00-04:00,116.8,212.46,3222.01,266.63,1487.95
2020-10-02 00:00:00-04:00,113.02,206.18,3125.93,259.91,1454.56
2020-10-05 00:00:00-04:00,116.54,210.37,3199.2,264.65,1482.38
2020-10-06 00:00:00-04:00,113.16,205.91,3099.29,258.53,1449.62
2020-10-07 00:00:00-04:00,115.05,209.81,3192.51,258.01,1459.31
2020-10-08 00:00:00-04:00,114.97,210.63,3190.55,263.7051,1484.55
2020-10-09 00:00:00-04:00,116.98,215.81,3287.82,264.49,1510.45
2020-10-12 00:00:00-04:00,124.42,221.41,3442.93,275.75,1564.84
2020-10-13 00:00:00-04:00,121.05,222.83,3442.64,276.06,1567.08
2020-10-14 00:00:00-04:00,121.29,220.93,3363.05,271.73,1563.72
2020-10-15 00:00:00-04:00,120.7453,219.66,3338.62,266.72,1555.18
2020-10-16 00:00:00-04:00,118.96,219.65,3160.0,265.93,1568.13
2020-10-19 00:00:00-04:00,116.0,214.24,3207.3,261.53,1530.47
2020-10-20 00:00:00-04:00,117.5,214.56,3216.26,267.58,1551.08
2020-10-21 00:00:00-04:00,116.86,214.785,3183.6,278.7,1585.99
2020-10-22 00:00:00-04:00,115.7737,214.84,3177.4,278.12,1607.79
2020-10-23 00:00:00-04:00,115.04,216.26,3204.64,284.83,1632.515
2020-10-26 00:00:00-04:00,115.06,210.15,3207.32,277.12,1584.32
2020-10-27 00:00:00-04:00,116.53,213.15,3287.92,283.29,1599.17
2020-10-28 00:00:00-04:00,111.15,202.71,3162.49,267.55,1510.44
2020-10-29 00:00:00-04:00,114.52,204.39,3212.79,279.82,1555.19
2020-10-30 00:00:00-04:00,108.9,202.58,3036.13,263.75,1616.26
2021-03-24 00:00:00-04:00,120.07,235.46,3087.17,282.14,2033.23
2021-03-25 00:00:00-04:00,120.63,232.32,3046.26,278.74,2032.45
2021-03-26 00:00:00-04:00,121.21,236.48,3053.14,283.0,2025.48
2021-03-29 00:00:00-04:00,121.39,235.27,3076.76,290.89,2046.29
2021-03-30 00:00:00-04:00,119.88,232.26,3054.7,287.94,2046.71
2021-03-31 00:00:00-04:00,122.18,235.92,3095.65,294.64,2063.21
2021-04-01 00:00:00-04:00,123.0,242.39,3161.55,298.7,2129.97
2021-04-05 00:00:00-04:00,125.9001,249.07,3225.26,308.91,2219.06
2021-04-06 00:00:00-04:00,126.23,247.87,3223.99,306.27,2210.16
2021-04-07 00:00:00-04:00,127.91,249.89,3279.39,313.15,2238.74
2021-04-08 00:00:00-04:00,130.37,253.26,3299.99,313.02,2250.62
2021-04-09 00:00:00-04:00,133.0,255.83,3372.09,312.47,2270.67
2021-04-12 00:00:00-04:00,131.26,255.96,3379.39,311.55,2245.23
2021-04-13 00:00:00-04:00,134.41,258.49,3400.0,309.74,2253.21
2021-04-14 00:00:00-04:00,132.12,255.91,3334.4,302.87,2241.46
2021-04-15 00:00:00-04:00,134.5,259.56,3378.89,307.785,2283.72
2021-04-16 00:00:00-04:00,134.15,260.74,3399.21,306.18,2282.44
2021-04-19 00:00:00-04:00,134.921,258.96,3373.94,302.24,2289.74
2021-04-20 00:00:00-04:00,133.12,258.28,3334.68,302.64,2279.01
2021-04-21 00:00:00-04:00,133.49,260.61,3361.52,301.4,2277.79
2021-04-22 00:00:00-04:00,131.94,257.2,3308.0676,296.49,2252.86
2021-04-23 00:00:00-04:00,134.3,261.13,3340.52,301.1,2299.94
2021-04-26 00:00:00-04:00,134.73,261.55,3408.96,303.19,2311.53
2021-04-27 00:00:00-04:00,134.39,262.18,3417.43,303.49,2290.18
2021-04-28 00:00:00-04:00,133.7801,254.71,3461.12,307.11,2359.04
2021-04-29 00:00:00-04:00,133.48,252.46,3471.31,329.51,2392.51
2021-04-30 00:00:00-04:00,131.53,252.27,3470.02,325.25,2353.74
2021-05-03 00:00:00-04:00,132.5563,251.8801,3386.49,322.6,2343.11
2021-05-04 00:00:00-04:00,127.93,247.93,3312.65,318.43,2306.64
2021-05-05 00:00:00-04:00,128.16,246.51,3271.17,315.02,2315.68
2021-05-06 00:00:00-04:00,129.72,249.71,3306.37,320.02,2337.22
2021-05-07 00:00:00-04:00,130.2,252.33,3289.7,318.75,2350.87
2021-05-10 00:00:00-04:00,126.9,247.27,3190.0,306.13,2291.62
2021-05-11 00:00:00-04:00,125.8492,246.228,3223.11,306.45,2269.3
2021-05-12 00:00:00-04:00,122.8255,239.03,3152.62,302.55,2199.06
2021-05-13 00:00:00-04:00,124.92,242.88,3162.0,305.16,2228.94
2021-05-14 00:00:00-04:00,127.44,248.15,3222.9,315.94,2278.38
2021-05-17 00:00:00-04:00,126.26,245.18,3271.79,315.47,2289.46
2021-05-18 00:00:00-04:00,124.85,243.02,3232.73,310.01,2262.19
2021-05-19 00:00:00-04:00,124.69,243.14,3231.95,313.71,2272.2
2021-05-20 00:00:00-04:00,127.31,246.48,3248.54,318.61,2306.97
2021-05-21 00:00:00-04:00,125.43,245.19,3202.0,316.23,2294.87
2021-05-24 00:00:00-04:00,127.1001,250.85,3244.68,324.8,2361.04
2021-05-25 00:00:00-04:00,126.93,251.85,3259.05,327.79,2364.19
2021-05-26 00:00:00-04:00,126.85,251.5,3265.19,327.75,2381.63
2021-05-27 00:00:00-04:00,125.45,249.7,3232.06,332.76,2363.02
2021-05-28 00:00:00-04:00,124.62,249.79,3224.68,328.85,2356.85
2021-06-01 00:00:00-04:00,124.3,247.38,3218.65,329.07,2381.19
2021-06-02 00:00:00-04:00,125.09,247.33,3234.92,329.12,2370.59
2021-06-03 00:00:00-04:00,123.555,245.71,3187.94,326.01,2348.0
2021-06-04 00:00:00-04:00,125.88,250.78,3206.22,330.31,2393.2
2021-06-07 00:00:00-04:00,125.91,253.87,3199.31,336.59,2403.09
2021-06-08 00:00:00-04:00,126.74,252.54,3264.14,333.67,2397.95
2021-06-09 00:00:00-04:00,127.16,253.62,3281.22,330.31,2407.84
2021-06-10 00:00:00-04:00,126.11,257.24,3349.65,332.48,2435.15
2021-06-11 00:00:00-04:00,127.3521,257.89,3346.83,331.26,2430.29
2021-06-14 00:00:00-04:00,130.49,259.88,3384.94,336.82,2448.92
2021-06-15 00:00:00-04:00,129.74,258.52,3384.88,336.73,2429.16
2021-06-16 00:00:00-04:00,130.14,257.51,3414.78,331.08,2415.4
2021-06-17 00:00:00-04:00,131.78,260.91,3489.68,336.42,2433.66
2021-06-18 00:00:00-04:00,130.4,259.32,3486.37,329.54,2400.62
2021-06-21 00:00:00-04:00,132.29,262.63,3453.96,332.28,2436.25
2021-06-22 00:00:00-04:00,133.97,265.51,3505.5,339.11,2446.61
2021-06-23 00:00:00-04:00,133.7,265.27,3503.51,340.59,2442.55
2021-06-24 00:00:00-04:00,133.4,266.64,3449.08,343.18,2450.0
2021-06-25 00:00:00-04:00,133.11,265.02,3404.9,341.37,2450.18
2021-06-28 00:00:00-04:00,134.75,268.72,3443.89,355.6594,2451.55
2021-06-29 00:00:00-04:00,136.33,271.4,3449.48,351.85,2444.89
2021-06-30 00:00:00-04:00,136.94,270.89,3440.29,347.82,2441.389
2021-07-01 00:00:00-04:00,137.27,271.72,3432.98,354.39,2448.89
2021-07-02 00:00:00-04:00,139.96,277.66,3510.99,354.62,2505.68
2021-07-06 00:00:00-04:00,142.02,277.66,3675.72,352.87,2523.8
2021-07-07 00:00:00-04:00,144.59,280.0,3698.49,350.51,2529.47
2021-07-08 00:00:00-04:00,143.32,277.53,3731.42,345.66,2501.85
2021-07-09 00:00:00-04:00,145.11,277.92,3717.6802,350.42,2509.13
2021-07-12 00:00:00-04:00,144.5,277.32,3718.52,353.16,2537.98
2021-07-13 00:00:00-04:00,145.68,280.98,3678.85,352.09,2546.22
2021-07-14 00:00:00-04:00,149.21,282.51,3683.61,347.66,2564.73
2021-07-15 00:00:00-04:00,148.48,281.04,3632.08,344.55,2539.22
2021-07-16 00:00:00-04:00,146.38,280.75,3572.98,341.16,2538.07
2021-07-19 00:00:00-04:00,142.53,277.05,3550.0,337.0,2493.43
2021-07-20 00:00:00-04:00,146.1427,279.32,3572.83,341.64,2523.85
2021-07-21 00:00:00-04:00,145.39,281.38,3586.33,346.23,2550.96
2021-07-22 00:00:00-04:00,146.8,286.16,3638.01,351.19,2568.14
2021-07-23 00:00:00-04:00,148.57,289.7,3656.67,369.79,2660.31
2021-07-26 00:00:00-04:00,148.99,289.05,3700.0,372.46,2683.52
2021-07-27 00:00:00-04:00,146.78,287.0,3628.64,367.85,2639.2
2021-07-28 00:00:00-04:00,144.98,286.22,3630.3035,373.28,2722.9
2021-07-29 00:00:00-04:00,145.62,286.48,3600.0542,358.41,2715.9133
2021-07-30 00:00:00-04:00,145.86,284.95,3327.59,356.36,2695.0
2021-08-02 00:00:00-04:00,145.52,284.83,3331.69,352.0,2697.45
2021-08-03 00:00:00-04:00,147.3402,287.12,3366.91,351.23,2712.08
2021-08-04 00:00:00-04:00,146.94,286.46,3354.71,358.86,2702.0
2021-08-05 00:00:00-04:00,147.06,289.55,3376.1,362.97,2726.0
2021-08-06 00:00:00-04:00,146.14,289.46,3344.83,363.49,2714.74
2021-08-09 00:00:00-04:00,146.09,288.36,3341.33,361.61,2738.01
2021-08-10 00:00:00-04:00,145.61,286.49,3321.32,361.13,2736.67
2021-08-11 00:00:00-04:00,145.91,286.98,3292.22,359.96,2725.49
2021-08-12 00:00:00-04:00,148.885,289.65,3302.7,362.58,2742.7
2021-08-13 00:00:00-04:00,149.1,292.86,3293.96,363.18,2754.81
2021-03-02 00:00:00-05:00,125.1601,233.87,3095.99,258.95,2065.24
2021-03-03 00:00:00-05:00,122.06,227.55,3005.01,255.44,2011.41
2021-03-04 00:00:00-05:00,120.22,226.9,2977.04,257.59,2033.93
2021-03-05 00:00:00-05:00,121.39,231.58,3000.45,264.28,2096.01
2021-03-08 00:00:00-05:00,116.4,227.42,2951.951,255.44,2007.82
2021-03-09 00:00:00-05:00,121.08,233.68,3062.67,265.74,2040.37
2021-03-10 00:00:00-05:00,119.97,232.39,3057.64,264.91,2035.88
2021-03-11 00:00:00-05:00,121.95,237.26,3116.48,273.87,2100.01
2021-03-12 00:00:00-05:00,121.05,235.8,3091.23,268.44,2049.97
2021-03-15 00:00:00-04:00,124.0,234.81,3081.42,273.75,2054.72
2021-03-16 00:00:00-04:00,125.57,237.69,3092.42,279.13,2083.9
2021-03-17 00:00:00-04:00,124.8,237.19,3135.2,284.02,2082.97
2021-03-18 00:00:00-04:00,120.55,230.72,3027.99,278.55,2021.24
2021-03-19 00:00:00-04:00,119.87,229.91,3072.99,290.06,2024.94
2021-03-22 00:00:00-04:00,123.37,236.04,3111.37,293.54,2030.84
2021-03-23 00:00:00-04:00,122.54,237.5,3137.5,290.59,2041.31
2021-03-24 00:00:00-04:00,120.07,235.46,3087.17,282.14,2033.23
2021-03-25 00:00:00-04:00,120.6,232.33,3045.73,278.75,2031.79
2021-03-26 00:00:00-04:00,121.21,236.49,3053.14,283.0,2025.48
2021-03-29 00:00:00-04:00,121.38,235.28,3076.76,290.9,2046.93
2021-03-30 00:00:00-04:00,119.98,232.26,3055.85,288.0,2047.14
2021-03-31 00:00:00-04:00,122.0928,236.01,3095.2,294.47,2065.58
2021-04-01 00:00:00-04:00,123.0,242.39,3161.55,298.68,2129.97
2021-04-05 00:00:00-04:00,125.9001,249.07,3225.26,308.91,2219.06
2021-04-06 00:00:00-04:00,126.23,247.87,3223.99,306.27,2210.16
2021-04-07 00:00:00-04:00,127.91,249.89,3279.39,313.15,2238.74
2021-04-08 00:00:00-04:00,130.37,253.26,3299.99,313.02,2250.62
2021-04-09 00:00:00-04:00,133.0,255.83,3372.09,312.47,2270.67
2021-04-12 00:00:00-04:00,131.27,255.92,3379.39,311.55,2245.23
2021-04-13 00:00:00-04:00,134.41,258.49,3400.0,309.74,2253.21
2021-04-14 00:00:00-04:00,132.14,255.81,3334.89,302.98,2244.3
2021-04-15 00:00:00-04:00,134.49,259.53,3378.89,307.83,2285.24
2021-04-16 00:00:00-04:00,134.15,260.74,3399.21,306.18,2282.44
2021-04-19 00:00:00-04:00,134.921,258.96,3373.94,302.24,2289.74
2021-04-20 00:00:00-04:00,133.12,258.28,3334.68,302.64,2279.01
2021-04-21 00:00:00-04:00,133.49,260.61,3361.52,301.4,2277.79
2021-04-22 00:00:00-04:00,131.94,257.2,3308.0676,296.51,2252.86
2021-04-23 00:00:00-04:00,134.31,261.13,3340.52,301.1,2299.94
2021-04-26 00:00:00-04:00,134.73,261.55,3408.96,303.19,2311.53
2021-04-27 00:00:00-04:00,134.39,262.18,3417.43,303.49,2290.18
2021-04-28 00:00:00-04:00,133.7801,254.71,3461.12,307.11,2359.04
2021-04-29 00:00:00-04:00,133.48,252.46,3471.31,329.51,2392.51
2021-04-30 00:00:00-04:00,131.53,252.27,3470.02,325.25,2353.74
2021-05-03 00:00:00-04:00,132.5563,251.8801,3386.49,322.6,2343.11
2021-05-04 00:00:00-04:00,127.96,247.89,3315.0,318.47,2310.46
2021-05-05 00:00:00-04:00,128.16,246.51,3271.17,315.02,2315.68
2021-05-06 00:00:00-04:00,129.73,249.71,3306.37,320.02,2337.22
2021-05-07 00:00:00-04:00,130.2,252.46,3290.69,318.96,2351.58
2021-05-10 00:00:00-04:00,126.86,247.18,3190.49,306.04,2291.63
2021-05-11 00:00:00-04:00,125.85,246.24,3223.11,306.48,2268.76
2021-05-12 00:00:00-04:00,122.82,239.04,3154.73,302.55,2199.07
2021-05-13 00:00:00-04:00,124.9401,242.98,3162.61,305.2,2229.05
2021-05-14 00:00:00-04:00,127.39,248.15,3221.31,315.895,2277.91
2021-05-17 00:00:00-04:00,126.26,245.18,3271.79,315.47,2288.98
2021-05-18 00:00:00-04:00,124.85,243.02,3232.73,310.01,2262.19
2021-05-19 00:00:00-04:00,124.69,243.14,3232.55,313.71,2272.2
2021-05-20 00:00:00-04:00,127.31,246.48,3248.54,318.61,2306.97
2021-05-21 00:00:00-04:00,125.43,245.19,3202.0,316.23,2294.87
2021-05-24 00:00:00-04:00,127.1,250.85,3244.68,324.8,2361.04
2021-05-25 00:00:00-04:00,126.93,251.85,3259.05,327.79,2364.19
2021-05-26 00:00:00-04:00,126.85,251.5,3265.19,327.75,2381.63
2021-05-27 00:00:00-04:00,125.45,249.7,3232.06,332.76,2363.02
2021-05-28 00:00:00-04:00,124.62,249.79,3224.68,328.85,2356.85
2021-06-01 00:00:00-04:00,124.3,247.38,3218.65,329.07,2381.19
2021-06-02 00:00:00-04:00,125.09,247.33,3234.92,329.12,2370.59
2021-06-03 00:00:00-04:00,123.555,245.71,3187.94,326.01,2348.0
2021-06-04 00:00:00-04:00,125.88,250.78,3206.22,330.31,2393.2
2021-06-07 00:00:00-04:00,125.91,253.87,3199.31,336.59,2403.09
2021-06-08 00:00:00-04:00,126.74,252.54,3264.14,333.67,2397.95
2021-06-09 00:00:00-04:00,127.16,253.62,3281.22,330.31,2407.84
2021-06-10 00:00:00-04:00,126.11,257.24,3349.65,332.48,2435.15
2021-06-11 00:00:00-04:00,127.3521,257.88,3346.83,331.26,2430.29
2021-06-14 00:00:00-04:00,130.49,259.88,3384.94,336.82,2448.92
2021-06-15 00:00:00-04:00,129.74,258.52,3384.88,336.73,2429.16
2021-06-16 00:00:00-04:00,130.14,257.51,3414.78,331.08,2415.4
2021-06-17 00:00:00-04:00,131.78,260.91,3489.68,336.42,2433.66
2021-06-18 00:00:00-04:00,130.4,259.32,3486.37,329.54,2400.62
2021-06-21 00:00:00-04:00,132.29,262.63,3453.96,332.28,2436.25
2021-06-22 00:00:00-04:00,133.97,265.51,3505.5,339.11,2446.61
2021-06-23 00:00:00-04:00,133.7,265.27,3503.51,340.59,2442.55
2021-06-24 00:00:00-04:00,133.4,266.64,3449.08,343.18,2450.0
2021-06-25 00:00:00-04:00,133.11,265.02,3404.9,341.37,2450.18
2021-06-28 00:00:00-04:00,134.75,268.72,3443.89,355.6594,2451.55
2021-06-29 00:00:00-04:00,136.33,271.4,3449.48,351.85,2444.89
2021-06-30 00:00:00-04:00,136.94,270.89,3440.29,347.82,2441.389
2021-07-01 00:00:00-04:00,137.27,271.72,3432.98,354.39,2448.89
2021-07-02 00:00:00-04:00,139.96,277.66,3510.99,354.62,2505.68
2021-07-06 00:00:00-04:00,142.02,277.66,3675.72,352.87,2523.8
2021-07-07 00:00:00-04:00,144.59,280.0,3698.49,350.51,2529.47
2021-07-08 00:00:00-04:00,143.32,277.53,3731.42,345.66,2501.85
2021-07-09 00:00:00-04:00,145.11,277.92,3717.6802,350.42,2509.13
2021-07-12 00:00:00-04:00,144.5,277.32,3718.52,353.16,2537.98
2021-07-13 00:00:00-04:00,145.68,280.98,3678.85,352.09,2546.22
2021-07-14 00:00:00-04:00,149.21,282.51,3683.61,347.66,2564.73
2021-07-15 00:00:00-04:00,148.48,281.04,3632.08,344.55,2539.22
2021-07-16 00:00:00-04:00,146.38,280.75,3572.98,341.16,2538.07
2021-07-19 00:00:00-04:00,142.53,277.05,3550.0,337.0,2493.43
2021-07-20 00:00:00-04:00,146.1427,279.32,3572.83,341.64,2523.85
2021-07-21 00:00:00-04:00,145.39,281.38,3586.33,346.23,2550.96
2021-07-22 00:00:00-04:00,146.8,286.16,3638.01,351.19,2568.14
2021-07-23 00:00:00-04:00,148.57,289.7,3656.67,369.79,2660.31
2021-07-26 00:00:00-04:00,148.99,289.05,3700.0,372.46,2683.52
2021-07-27 00:00:00-04:00,146.78,287.0,3628.64,367.85,2639.2
2021-07-28 00:00:00-04:00,144.98,286.22,3630.3035,373.28,2722.9
2021-07-29 00:00:00-04:00,145.62,286.48,3600.0542,358.41,2715.9133
2021-07-30 00:00:00-04:00,145.86,284.95,3327.59,356.36,2695.0
2021-08-02 00:00:00-04:00,145.52,284.83,3331.69,352.0,2697.45
2021-08-03 00:00:00-04:00,147.3402,287.12,3366.91,351.23,2712.08
2021-08-04 00:00:00-04:00,146.94,286.46,3354.71,358.86,2702.0
2021-08-05 00:00:00-04:00,147.06,289.55,3376.1,362.97,2726.0
